data_id,gender,hold racket handed,play years_0,play years_1,play years_2,level_0,level_1,level_2
1045,3.7810423e-05,0.9972914,0.99999785,2.3894137e-07,1.9446268e-06,1.7831635e-09,2.2759655e-06,0.99999774
1046,0.00045337284,0.9999205,1.686132e-05,0.99997973,3.4068455e-06,0.99938786,0.00060758943,4.4822395e-06
1047,0.010807309,0.9999083,0.00019669869,0.99909997,0.00070340425,0.99983144,0.00015305978,1.5444122e-05
1048,5.088726e-05,3.594813e-05,0.06559868,0.9343996,1.7426955e-06,0.9330944,0.00032892157,0.06657674
1049,0.0007340711,0.99994004,0.00015516877,0.9998235,2.136683e-05,0.9965779,0.003038762,0.0003832125
1050,0.317394,2.0457586e-05,0.050938714,0.94797844,0.0010828457,0.94441205,0.00017271184,0.055415202
1051,0.82626605,2.6436686e-05,0.59656954,0.042594302,0.3608361,0.99758506,2.532273e-05,0.0023895619
1052,0.00035678758,9.443745e-06,0.59051365,0.40943947,4.6793146e-05,0.99993825,4.9814053e-06,5.6695026e-05
1053,9.488766e-05,3.6648067e-05,0.2900391,0.709954,6.8689965e-06,0.2866557,0.00019887107,0.71314543
1054,3.3873526e-05,2.5237547e-05,0.1982883,0.8017095,2.1962344e-06,0.85323256,7.4633945e-06,0.14675996
1055,0.44063842,4.5326662e-05,0.91098535,5.996526e-06,0.08900871,0.79603225,0.16031784,0.04364991
1056,0.00017847029,8.039732e-06,0.97491384,0.02506318,2.2994353e-05,0.9996451,5.3247124e-05,0.00030155992
1057,8.246761e-06,0.0001555236,0.9999999,3.6950958e-08,6.033197e-08,3.6622538e-07,0.015851567,0.98414814
1058,0.0007316557,0.045638006,0.9999913,8.797685e-08,8.596068e-06,8.611982e-08,1.3925464e-06,0.99999845
1059,0.00033035455,0.9998591,1.3845348e-06,0.99999833,3.136522e-07,0.9999789,1.9745754e-05,1.350737e-06
1060,3.0706586e-05,0.84580237,0.9999994,2.5711572e-08,6.417359e-07,8.047366e-09,1.9610869e-05,0.99998033
1061,1.0934505e-05,0.46772164,0.9999999,3.433687e-08,8.5941416e-08,3.5558393e-11,2.2379641e-08,1.0
1062,0.69408333,1.6257447e-05,0.84134674,0.0012624509,0.15739083,0.99484986,0.000889844,0.004260265
1063,0.0003313699,3.270735e-05,0.69300115,0.3069273,7.154208e-05,0.9992047,4.8311e-05,0.0007469223
1064,0.6857197,2.1863712e-05,0.82207847,0.017154457,0.16076699,0.9872846,9.9714816e-05,0.012615724
1065,0.0003166216,0.14640293,0.99999535,3.4328004e-08,4.613496e-06,7.405273e-09,3.3405504e-07,0.99999964
1066,0.96262866,2.5353553e-05,0.183535,0.012014522,0.8044505,0.99964154,4.2900167e-05,0.00031555424
1067,0.9810565,1.01632e-05,0.13309573,0.0035232827,0.86338097,0.9997503,0.00023928842,1.0354215e-05
1068,0.9996282,5.1208845e-05,0.0014097213,0.0021000658,0.9964902,0.99977154,0.00017609214,5.227112e-05
1069,0.007076576,0.99994326,0.0004243693,0.99909675,0.00047888816,0.99803287,0.001253789,0.00071340846
1070,0.99269485,2.2643439e-05,0.033923686,0.08312416,0.8829521,0.99997544,2.060206e-06,2.2487937e-05
1071,4.1443942e-05,8.0379665e-05,0.048905946,0.9510926,1.5184926e-06,0.9424607,0.0060561695,0.051483173
1072,0.98749036,1.8256525e-05,0.067518115,0.009752772,0.92272913,0.99992883,1.0565034e-05,6.0526712e-05
1073,3.4815956e-05,2.0111043e-05,0.019994821,0.98000413,1.0239078e-06,0.9999589,1.462896e-05,2.6475911e-05
1074,0.00017775105,1.0494786e-05,0.9798105,0.020166362,2.326701e-05,0.9996389,8.034139e-05,0.00028076928
1075,2.2892922e-05,0.99699235,0.9999993,5.8058955e-08,6.64117e-07,7.5709064e-11,3.3254554e-07,0.99999964
1076,0.0004974441,0.99995875,9.251036e-06,0.9999881,2.721193e-06,0.99971575,0.0002810036,3.1655907e-06
1077,0.99391806,3.0984564e-05,0.029323872,0.0012293273,0.96944684,0.99941874,4.7254503e-05,0.00053392677
1078,5.9543352e-05,0.98798406,0.9999976,4.4166494e-08,2.3380335e-06,6.6483232e-09,0.00016964141,0.99983037
1079,0.9650202,2.402681e-05,0.21599138,0.029723324,0.7542853,0.9978871,2.8165006e-05,0.0020847085
1080,3.447562e-05,3.0157114e-05,0.11899891,0.88099897,2.1708988e-06,0.97605056,2.0733712e-06,0.023947397
1081,0.0010474514,0.53518075,0.9998665,8.116582e-06,0.00012542677,9.761555e-06,4.4794574e-06,0.9999857
1082,0.8424069,9.295969e-06,0.6660315,0.016003001,0.31796554,0.99986625,1.5404472e-05,0.0001183784
1083,0.0061553894,0.99995744,0.00048041105,0.9990313,0.0004882674,0.9978592,0.0014956271,0.0006451882
1084,0.7863255,1.8412717e-05,0.66212726,0.094606176,0.24326663,0.9985379,7.743568e-05,0.0013845897
1085,0.9999676,9.5389165e-05,2.6714176e-07,0.99728024,0.0027194554,0.9999958,3.7823538e-06,3.036531e-07
1086,0.00012702632,3.7601432e-05,0.012801566,0.9871975,9.897218e-07,0.9956737,0.0020073925,0.002318861
1087,0.96372277,4.6374164e-05,0.22101031,0.00062934484,0.7783603,0.9864125,0.0028381841,0.010749334
1088,7.3700335e-06,0.00017645702,0.9999994,4.286014e-07,1.6007985e-07,3.0029065e-07,0.9985617,0.0014380103
1089,0.0010120575,0.99994004,8.916672e-06,0.99998534,5.7935804e-06,0.9998555,0.00014271656,1.7383228e-06
1090,0.8734231,2.639351e-05,0.47515374,0.012755511,0.51209074,0.99691856,2.1329919e-05,0.003060145
1091,3.381414e-05,2.4748713e-05,0.5518834,0.4481105,6.0365196e-06,0.9300522,0.0008841206,0.06906371
1092,0.9184671,3.0497924e-05,0.38173074,0.00061544206,0.6176538,0.98199135,0.00019970053,0.017808905
1093,1.9965544e-05,0.7727001,0.99999976,7.434811e-09,2.433972e-07,3.416862e-10,1.5143277e-06,0.99999845
1094,0.86004466,1.394526e-05,0.5325238,0.08742646,0.3800497,0.9996296,1.1620586e-05,0.0003587049
1095,1.2446936e-05,0.00021738703,0.999998,1.6795515e-06,4.000004e-07,1.4414852e-06,0.9991393,0.0008591981
1096,0.001108055,0.99998224,1.2690293e-05,0.99997926,8.065564e-06,0.9996321,0.00036050644,7.4294876e-06
1097,0.99211943,2.3673589e-05,0.030849077,0.098865,0.8702859,0.9999583,1.2103128e-06,4.049473e-05
1098,1.5619711e-05,4.3585023e-05,0.8368829,0.16311462,2.5386073e-06,0.07723601,9.941299e-06,0.9227541
1099,0.00023060212,4.817467e-05,0.048119176,0.95187694,3.9136744e-06,0.54729795,6.861846e-05,0.4526334
1100,3.0484025e-05,1.900886e-05,0.87017286,0.12981966,7.4238374e-06,0.9915726,0.0041181087,0.004309259
1101,0.9980557,2.1002515e-05,0.011634321,0.023403596,0.9649621,0.9999671,8.278321e-06,2.4731855e-05
1102,0.9692379,5.4927285e-05,0.15342641,0.005792787,0.8407808,0.99655247,0.00012396122,0.0033236109
1103,6.14047e-05,3.076392e-05,0.022609554,0.9773892,1.1935418e-06,0.99628204,0.00035368282,0.003364267
1104,0.93871397,2.6077867e-05,0.27735007,0.025701819,0.6969482,0.99892265,1.4259148e-05,0.0010630348
1105,4.1390147e-05,4.1554475e-05,0.99897385,0.0010241707,2.0392397e-06,0.000243088,1.6979173e-05,0.99973994
1106,0.9997416,2.6405922e-05,0.00072075834,8.621125e-05,0.999193,0.9999105,8.6693784e-05,2.8662243e-06
1107,8.714278e-05,1.201909e-05,0.8906752,0.10930518,1.963889e-05,0.9999044,2.2008639e-05,7.3519506e-05
1108,0.0005135491,0.8406975,0.9999689,1.3931368e-07,3.098828e-05,1.7924738e-07,2.1485313e-05,0.9999783
1109,1.4172375e-05,2.0836773e-05,0.99509037,0.0049077924,1.8176695e-06,0.79728943,0.008169184,0.1945414
1110,0.9706791,1.2348474e-05,0.1936991,0.0054479837,0.80085295,0.99970967,1.3518016e-05,0.00027678572
1111,0.01817665,0.054209977,0.9995679,2.732971e-07,0.00043185774,1.3183918e-06,7.271335e-06,0.9999914
1112,1.7207925e-05,1.6468135e-05,0.99958664,0.00041183547,1.5290982e-06,0.8915693,0.06041103,0.048019648
1113,0.00293747,0.999972,4.9778202e-05,0.99989784,5.233374e-05,0.9986816,0.0012709472,4.7375815e-05
1114,0.99555886,1.6530303e-05,0.030909305,0.013451073,0.9556396,0.99994624,2.461754e-05,2.903683e-05
1115,3.2078275e-05,4.063734e-05,0.07330878,0.92668945,1.7342085e-06,0.991565,0.001781962,0.0066530854
1116,0.9357315,1.6565447e-05,0.3830178,0.011429616,0.6055526,0.99890864,0.000115881376,0.00097550603
1117,0.9908276,3.5673496e-05,0.04371688,0.0017778245,0.9545053,0.99846375,4.2196723e-05,0.00149403
1118,3.6696783e-05,1.5487949e-05,0.9878879,0.012106511,5.5200253e-06,0.9910789,0.0010037665,0.007917301
1119,1.2826937e-05,0.99897456,0.9999995,6.4541815e-08,3.5670936e-07,2.7136968e-11,1.8442259e-07,0.99999976
1120,0.0005641879,1.3822388e-05,0.7970451,0.20288537,6.956905e-05,0.9994155,1.2511513e-05,0.00057193043
1121,2.7220194e-05,2.788153e-05,0.9972416,0.0027539174,4.5136076e-06,0.97435546,0.02526982,0.00037468196
1122,0.7768803,2.8160288e-05,0.6942368,0.040010028,0.26575306,0.99504566,7.853627e-05,0.004875868
1123,2.7815082e-05,0.00018792962,0.9999988,7.5267627e-07,5.299518e-07,4.5583518e-05,0.18793905,0.81201535
1124,5.0090337e-05,0.98312575,0.9999975,5.282718e-07,1.9783374e-06,4.637948e-09,3.5811166e-07,0.99999964
1125,0.00036400903,1.684275e-05,0.43705773,0.5628917,5.0547977e-05,0.9998455,1.5477173e-05,0.0001389369
1126,0.0019492946,0.76772636,0.9998325,2.0154982e-07,0.00016723057,4.2675026e-07,1.513204e-05,0.9999844
1127,1.1400592e-05,5.951099e-05,0.99999976,9.556876e-08,1.3062638e-07,4.4446037e-06,0.90250355,0.09749206
1128,0.002225297,2.2440596e-05,0.62417597,0.37547365,0.00035039536,0.9993507,9.012565e-06,0.00064021046
1129,0.41795984,3.9715058e-05,0.93374914,0.0020333661,0.06421759,0.97017807,0.004550321,0.025271561
1130,0.81926686,1.3853507e-05,0.6568486,0.027897673,0.31525373,0.9991934,2.3016648e-05,0.00078366796
1131,7.3747724e-06,9.277769e-05,0.99999976,1.6718572e-07,1.2250585e-07,7.6531023e-07,0.9951969,0.0048023346
1132,0.99898654,1.868757e-05,0.0034730027,0.00038740283,0.9961396,0.99991035,8.807749e-05,1.4933227e-06
1133,0.99869734,4.9550632e-05,1.7398207e-06,0.999503,0.0004952073,0.9999988,9.623793e-07,2.6550015e-07
1134,1.6727627e-05,0.97805583,0.99999976,1.2397716e-08,2.848474e-07,9.305296e-11,1.5392137e-06,0.99999845
1135,2.2195367e-05,0.00019908288,0.9999995,1.0845231e-07,3.906225e-07,5.1245695e-07,0.99713707,0.0028624402
1136,2.7160633e-05,0.9805069,0.9999993,4.829202e-08,6.650341e-07,2.6075883e-10,5.349284e-07,0.9999995
1137,9.0088615e-05,4.5261786e-05,0.92694503,0.07304522,9.772257e-06,0.01777709,9.199152e-05,0.98213094
1138,0.53328615,2.9757048e-05,0.88735765,0.00014045184,0.11250189,0.96877915,0.0067757564,0.02444515
1139,9.832954e-06,0.0001281935,0.99999976,6.372581e-08,1.02982064e-07,8.67393e-06,0.5511439,0.44884747
1140,8.414891e-06,7.546609e-05,0.9999999,4.401665e-08,1.0131377e-07,4.9709337e-07,0.99594396,0.0040555033
1141,0.99918133,2.990686e-05,0.004507688,0.0012483897,0.9942439,0.99979275,0.00014906983,5.81571e-05
1142,9.092431e-05,1.1194916e-05,0.97461253,0.02537553,1.2016719e-05,0.99877673,0.00015071544,0.0010725171
1143,1.3108605e-05,0.00012750749,0.9999999,3.9535518e-08,1.4100891e-07,1.9407728e-06,0.8929306,0.10706747
1144,2.4697856e-05,0.99769896,0.9999987,1.3938879e-07,1.1432622e-06,2.3235869e-09,1.15079565e-05,0.99998844
1145,1.2556767e-05,0.0001542242,0.99999976,8.368168e-08,1.7812091e-07,3.897789e-06,0.9458856,0.054110568
1146,1.6261865e-05,0.9936546,0.99999964,8.662101e-09,3.0394804e-07,3.9026282e-11,2.2557547e-06,0.99999774
1147,0.982476,2.8072234e-05,0.09549679,0.10995811,0.7945451,0.9997458,2.189512e-05,0.0002323257
1148,3.864179e-05,0.99225813,0.99999857,6.950717e-08,1.3450688e-06,7.146501e-10,2.9764924e-06,0.999997
1149,3.796032e-05,0.99372995,0.99999857,8.194322e-08,1.2785565e-06,4.3443835e-10,2.1377273e-06,0.99999785
1150,5.0946303e-05,3.119144e-05,0.08518314,0.91481435,2.496377e-06,0.974494,0.00024583872,0.025260225
1151,0.98544633,1.8417528e-05,0.10006572,0.017505325,0.88242894,0.99961084,1.5345324e-05,0.000373756
1152,0.5238284,1.574645e-05,0.9069584,0.0009102715,0.09213139,0.996693,0.00035647463,0.0029505068
1153,0.00035012772,2.2516522e-05,0.891817,0.1081143,6.8651156e-05,0.99984133,2.10097e-05,0.00013769929
1154,7.284907e-06,0.00012675709,0.99999905,8.271596e-07,8.338161e-08,1.2256389e-05,2.368653e-05,0.999964
1155,0.0001194773,1.5833743e-05,0.93935025,0.06063062,1.9177614e-05,0.99865025,9.3998264e-05,0.0012557533
1156,0.7443563,1.2398731e-05,0.77939093,0.04200551,0.17860354,0.9994506,4.360417e-05,0.0005057492
1157,0.00044530944,0.9999622,6.3413786e-06,0.99999225,1.4511704e-06,0.9996056,0.00038527715,9.145742e-06
1158,0.06392065,1.7816214e-05,0.99674004,0.0002923405,0.002967626,0.44750163,0.0009387102,0.5515596
1159,1.2626824e-05,8.4092695e-05,0.9999999,3.042107e-08,1.4425787e-07,6.7675205e-07,0.9899442,0.010055162
1160,0.8729135,2.8891649e-05,0.5384064,0.006214899,0.4553787,0.993385,0.00012179729,0.0064931735
1161,1.1746316e-05,0.00020723238,0.99999833,1.4564201e-06,2.8557542e-07,2.9898165e-06,0.9770233,0.022973623
1162,0.9941314,3.9878934e-05,0.034099642,0.011459647,0.9544407,0.99874264,3.8932056e-05,0.0012184517
1163,1.6444548e-05,0.00022459595,0.9999094,8.9566354e-05,1.0605889e-06,1.6130683e-05,0.9954241,0.004559768
1164,8.872514e-06,0.0001228326,0.9999999,5.9592246e-08,7.085871e-08,8.850027e-07,0.019681875,0.98031723
1165,0.8052506,1.6870434e-05,0.70910233,0.008514049,0.2823837,0.9936254,0.00012903563,0.006245566
1166,0.58140093,1.8155079e-05,0.87443864,0.0039517786,0.12160958,0.9962459,0.00018131163,0.003572765
1167,1.0337255e-05,6.964094e-05,0.9999999,3.5133045e-08,1.0452642e-07,5.3338445e-06,0.89541954,0.10457513
1168,1.6983024e-05,1.6299953e-05,0.9999995,3.1902303e-07,1.11460416e-07,1.8020313e-05,1.8275215e-06,0.9999802
1169,0.92810875,1.9208088e-05,0.31718376,0.031121284,0.65169495,0.99917597,6.48771e-06,0.00081761164
1170,0.0009001254,0.9998958,4.1685253e-05,0.99994874,9.5611e-06,0.9993343,0.0006116905,5.395242e-05
1171,0.95916176,2.0852893e-05,0.26404068,0.007331037,0.7286283,0.9993424,7.2817355e-05,0.0005848601
1172,0.9983512,2.2675486e-05,0.005609505,0.0002349628,0.9941554,0.999795,0.00019755485,7.3366027e-06
1173,0.00063255394,0.9999467,5.4808825e-06,0.9999924,2.1527649e-06,0.99946266,0.0005345672,2.6814662e-06
1174,2.0090858e-05,0.00027532192,0.9999993,1.8139386e-07,4.5291523e-07,1.6052164e-07,0.999658,0.0003418704
1175,0.00010014657,1.5951644e-05,0.055280663,0.94471467,4.692395e-06,0.99969566,0.00029843318,5.928552e-06
1176,0.0003573428,2.5452418e-05,0.7550524,0.24489634,5.1291896e-05,0.9964914,4.013844e-05,0.0034684606
1177,0.004285949,0.0021119807,0.726896,0.27198032,0.0011237472,0.3623924,5.194739e-07,0.6376071
1178,0.99981946,6.614455e-05,0.0002678648,2.1549088e-06,0.99972993,0.999496,0.00044974594,5.4203352e-05
1179,0.8066626,2.8747165e-05,0.6545088,0.013399597,0.33209157,0.9970071,0.000117248914,0.0028756082
1180,2.0639438e-05,9.333924e-05,0.99999964,7.537044e-08,2.8539716e-07,9.1265684e-07,0.99156356,0.008435466
1181,0.0031324155,0.20733085,0.999902,1.2715235e-07,9.7813936e-05,1.3341041e-07,2.530472e-06,0.9999974
1182,4.8628805e-05,4.57403e-05,0.5112134,0.4887793,7.2287576e-06,0.40763617,0.001088448,0.59127545
1183,0.97776264,3.4921133e-05,0.15369144,0.000930297,0.8453782,0.9864288,0.0002938474,0.013277369
1184,0.99811625,5.6776407e-05,1.37799505e-08,0.9999969,3.0913484e-06,0.99999976,2.5483638e-07,2.6022306e-08
1185,0.0004496477,1.4416463e-05,0.63234776,0.36758864,6.3574844e-05,0.99982893,7.950373e-06,0.00016301029
1186,0.029037952,0.6518413,0.99515694,3.0507533e-07,0.0048426976,8.7232775e-06,0.00012705404,0.9998642
1187,0.6340075,1.7431363e-05,0.8404936,0.011819346,0.14768702,0.9970163,5.8148893e-05,0.0029255908
1188,0.99450785,2.038689e-05,0.039784987,0.0015364564,0.95867854,0.99874544,0.00011663006,0.0011378494
1189,0.9816683,3.305872e-05,0.066246465,0.0131710125,0.9205826,0.9998504,1.1355723e-05,0.00013826096
1190,0.9299016,1.3045366e-05,0.4685389,0.017093606,0.5143674,0.99917775,0.00015899165,0.00066315616
1191,3.328357e-05,5.335449e-05,0.0011359135,0.99886405,1.0952106e-07,0.9998735,0.00011309054,1.3326091e-05
1192,0.0065375366,3.7913862e-05,0.00044782565,0.99954766,4.51654e-06,0.9999956,9.893748e-09,4.392693e-06
1193,9.047015e-06,0.00020005771,0.9999871,1.244037e-05,4.5784967e-07,4.416132e-06,0.9986368,0.0013587333
1194,0.00046011945,0.9999411,2.5908712e-06,0.99999666,7.646997e-07,0.99997234,2.5193216e-05,2.47968e-06
1195,0.00051950436,0.9999378,4.1048665e-06,0.9999944,1.4796317e-06,0.99980503,0.00019380727,1.1722046e-06
1196,1.8595747e-05,0.00017522351,0.9999994,1.6689795e-07,4.291548e-07,1.03940806e-07,0.99990904,9.081667e-05
1197,0.9998,4.8285194e-05,0.00029309245,1.1575647e-05,0.9996954,0.99996245,3.2449723e-05,5.091529e-06
1198,1.5134589e-05,0.7347661,0.9999999,2.3977353e-08,1.6539168e-07,3.5632525e-11,9.1074845e-08,0.9999999
1199,0.0001645806,2.1655806e-05,0.8359056,0.16405767,3.6708974e-05,0.9996604,5.248463e-05,0.00028721176
1200,0.39136338,3.0041325e-05,0.94462645,0.008080631,0.04729282,0.96070457,0.0006681202,0.038627256
1201,0.8610475,2.1801894e-05,0.5085918,0.00072764396,0.49068052,0.9984621,0.00031427186,0.0012236702
1202,0.66147566,1.4357823e-05,0.8742378,0.00095056347,0.124811664,0.9905563,0.00021733758,0.009226374
1203,0.97327775,1.4387963e-05,0.12462657,0.23470652,0.6406669,0.9999285,1.659511e-06,6.97946e-05
1204,0.8653404,1.9293677e-05,0.57427067,0.04640062,0.37932864,0.9965777,1.693186e-05,0.00340529
1205,0.088468164,4.9238188e-05,0.1791979,0.8121711,0.0086310245,0.999658,1.2869967e-07,0.00034195176
1206,0.98410785,2.2041091e-05,0.08817236,0.011389998,0.90043765,0.99984443,3.3933164e-05,0.00012159212
1207,0.0005811811,0.9999529,3.5438197e-06,0.99999523,1.222408e-06,0.99989724,9.625514e-05,6.478533e-06
1208,4.9614653e-05,4.177766e-05,0.00833834,0.9916611,6.032013e-07,0.9994311,0.00019265749,0.00037623322
1209,0.8769974,0.9999839,0.00017816407,0.14852172,0.85130006,0.9999167,7.166084e-05,1.16647225e-05
1210,0.009220071,3.9880797e-05,0.058515057,0.9409575,0.0005274406,0.99988556,6.301328e-09,0.00011441473
1211,0.8901928,3.3237262e-05,0.42345166,0.0143115185,0.5622368,0.9957289,1.559938e-05,0.004255567
1212,2.3230461e-05,0.0001707573,0.9999994,9.795999e-08,4.9329793e-07,1.8234384e-07,0.9999279,7.193725e-05
1213,1.3239909e-05,0.95091563,0.9999999,2.9232117e-08,1.7239479e-07,1.5180393e-11,3.925862e-08,1.0
1214,1.4628916e-05,0.99851996,0.99999964,4.9449703e-08,3.644004e-07,1.7514396e-11,2.6272147e-07,0.99999976
1215,0.97715545,2.3265047e-05,0.15147328,0.033477914,0.8150488,0.9986929,5.0636103e-05,0.0012564874
1216,0.9834884,2.9970302e-05,0.070932105,0.0018327226,0.92723525,0.9990916,7.7909186e-05,0.0008304712
1217,0.0011480439,0.016394103,0.9999597,8.49208e-06,3.1841308e-05,3.742149e-07,3.2438443e-08,0.99999964
1218,0.73640466,3.4517165e-05,0.7104805,0.002576888,0.2869426,0.98062515,0.00017156427,0.01920317
1219,3.185856e-05,1.817117e-05,0.99942195,0.0005752005,2.8570917e-06,0.94951266,0.04958203,0.0009052522
1220,0.0003073924,0.000107575725,0.094079725,0.90590894,1.1307797e-05,0.3262185,6.2256746e-05,0.6737193
1221,9.419334e-06,0.00010761245,0.9999999,5.2995972e-08,1.203715e-07,3.195935e-07,0.9971307,0.002868985
1222,0.00059604587,0.9991736,3.0962747e-05,0.99996364,5.367521e-06,0.9999504,4.6313202e-05,3.234831e-06
1223,6.6981e-05,3.0222673e-05,0.82606536,0.17392516,9.463721e-06,0.2111192,0.0014540136,0.78742677
1224,0.00012240023,0.8893855,0.99999654,5.568029e-08,3.4105371e-06,3.39092e-09,1.6314973e-06,0.99999833
1225,0.59033304,2.4709141e-05,0.8618805,3.9559534e-05,0.13807999,0.8768765,0.11945131,0.0036721642
1226,0.9558295,2.4474224e-05,0.25871232,0.06548041,0.6758073,0.99923384,2.3965009e-05,0.0007421742
1227,3.619391e-05,1.5617059e-05,0.99894136,0.0010554823,3.2479668e-06,0.9911596,0.0049119047,0.0039284667
1228,0.00015666624,2.9564366e-05,0.5814102,0.4185699,1.9887411e-05,0.41251525,5.458761e-05,0.5874301
1229,0.0061688577,0.999972,4.199509e-05,0.9998658,9.225445e-05,0.9988526,0.0011296025,1.7699967e-05
1230,0.00018464102,2.3861443e-05,0.4720293,0.5279535,1.7205877e-05,0.87468654,0.004725168,0.12058832
1231,0.9997788,3.515637e-05,0.0004565904,0.00015685531,0.9993864,0.9999708,2.8158005e-05,1.1157616e-06
1232,0.50325197,3.456299e-05,0.36294308,0.58186954,0.055187397,0.99566287,2.3696699e-05,0.0043134224
1233,0.0012658661,0.81364226,0.9999223,6.15297e-08,7.7580546e-05,1.00363806e-07,1.5626994e-05,0.99998426
1234,3.1688905e-05,2.5141793e-05,0.58818805,0.41180754,4.402282e-06,0.78580505,1.0819301e-05,0.21418414
1235,0.00073381164,1.4698557e-05,0.036936287,0.96306175,1.9424901e-06,0.2981268,2.0682655e-05,0.70185256
1236,0.98342127,4.4373013e-05,1.5044614e-08,0.9999994,5.615113e-07,0.99999976,1.7905202e-07,4.0458157e-09
1237,0.76321465,3.621131e-05,1.2915191e-06,0.99999714,1.6045051e-06,0.9999989,2.6802385e-07,8.4939234e-07
1238,0.99871266,3.899491e-05,3.6094136e-07,0.99992037,7.927011e-05,0.9999995,4.0867687e-07,1.3369588e-07
1239,0.004487498,0.46910977,0.9995371,5.8204137e-07,0.00046230596,3.609299e-06,1.9527566e-05,0.9999769
1240,0.22442324,0.999997,7.2170114e-05,0.9825972,0.01733066,0.9999083,8.495536e-05,6.697824e-06
1241,0.3277618,1.7206612e-05,0.933852,0.013495493,0.052652482,0.99694306,2.1714257e-05,0.0030352026
1242,0.9983664,3.9341612e-05,8.4192294e-08,0.99998724,1.2685602e-05,0.99999905,9.120242e-07,3.2740452e-08
1243,1.2156567e-05,0.96083724,0.99999976,9.26763e-08,1.6395299e-07,1.1672715e-11,1.7025208e-08,1.0
1244,1.8339184e-05,0.00014729195,0.99999976,3.371624e-08,2.561111e-07,6.464042e-07,0.99604416,0.0039552655
1245,0.00015411689,4.877338e-05,0.00034851648,0.9996513,1.12354414e-07,0.9999273,8.95375e-06,6.379979e-05
1246,0.9989059,4.6892917e-05,2.4854435e-07,0.9999341,6.563151e-05,0.9999993,5.412792e-07,7.546722e-08
1247,0.00054898503,0.019070327,0.9999943,3.085043e-08,5.734299e-06,6.9000215e-08,1.2911712e-06,0.99999857
1248,2.647602e-05,0.00010653781,0.9999962,3.4869056e-06,3.6856486e-07,1.790281e-05,5.5962744e-07,0.9999815
1249,3.681993e-05,1.9488216e-05,0.99377394,0.006221067,4.9733585e-06,0.9952769,0.0023925973,0.0023304145
1250,0.0086294515,1.7885004e-05,0.15362549,0.8460753,0.00029917076,0.99991345,2.7975975e-06,8.373892e-05
1251,1.0468426e-05,0.94263303,0.9999999,3.5997566e-08,1.2126364e-07,1.1854091e-11,2.582591e-08,1.0
1252,1.5513848e-05,0.00020954396,0.99999964,1.2413493e-07,2.6437021e-07,4.7611923e-07,0.99575245,0.0042471034
1253,0.001740789,2.4279647e-05,0.91569895,0.0842676,3.3460467e-05,0.0033702166,2.3022121e-06,0.9966275
1254,4.753827e-05,0.99067545,0.99999785,1.4850548e-07,2.0505533e-06,4.128647e-09,1.0474678e-05,0.9999895
1255,2.7888627e-05,0.3298747,0.99999976,4.840757e-09,2.2907916e-07,3.0718558e-10,7.901595e-07,0.99999917
1256,0.00041006343,7.4856725e-05,0.0055824267,0.99441576,1.7672244e-06,0.97345567,1.972594e-05,0.026524672
1257,3.4301807e-05,0.9824975,0.99999785,8.67265e-07,1.3297702e-06,5.702815e-09,3.2387024e-07,0.99999964
1258,1.0503556e-05,0.00012382315,0.99999964,1.3783925e-07,1.9361522e-07,9.353293e-08,0.9998946,0.00010530487
1259,0.99978775,8.6661224e-05,4.1037525e-05,0.916588,0.08337099,0.9999907,8.506268e-06,8.2353444e-07
1260,2.34964e-05,7.282391e-05,0.9999995,1.6324898e-07,3.3715378e-07,6.0868833e-06,0.93913025,0.06086369
1261,0.0025330817,0.9311228,0.9991648,4.1712956e-05,0.0007935013,5.6807352e-05,6.633698e-05,0.99987674
1262,5.0475774e-05,1.3331386e-05,0.9616531,0.038337722,9.133991e-06,0.9986468,0.00029520152,0.001058004
1263,0.05132296,0.9999933,0.00024712647,0.9936547,0.006098112,0.99896467,0.0010103569,2.5019575e-05
1264,5.915246e-06,0.00014989584,0.99999976,1.6246702e-07,1.10756645e-07,9.3178016e-08,0.9997454,0.00025444588
1265,1.4906547e-05,0.9996395,0.99999917,2.2474083e-07,5.7846535e-07,4.144071e-11,1.5550349e-07,0.9999999
1266,0.99994993,6.3004154e-05,1.2849896e-08,0.9999441,5.589089e-05,0.9999989,1.058997e-06,5.4036327e-08
1267,6.087908e-05,4.0107003e-05,0.9603565,0.039634034,9.451091e-06,0.31704906,0.0117356265,0.67121524
1268,0.929271,1.4593564e-05,0.3883861,0.043040972,0.5685729,0.999808,2.1640619e-05,0.00017029636
1269,0.00010644216,1.611007e-05,0.972649,0.02733672,1.43705065e-05,0.9984345,0.00023628333,0.0013292034
1270,6.269441e-05,2.05688e-05,0.9823651,0.017623952,1.0999263e-05,0.99479574,0.0012039508,0.004000363
1271,4.642793e-05,3.3106233e-05,0.9675646,0.032430068,5.358777e-06,0.055111412,0.0005528217,0.94433576
1272,0.9998404,3.947845e-05,1.4805862e-07,0.999814,0.000185886,0.99999917,7.094173e-07,6.485016e-08
1273,0.81233984,2.0931013e-05,0.6355558,0.028993173,0.335451,0.99750596,2.077398e-05,0.0024731914
1274,5.0339444e-05,2.238628e-05,0.44787,0.5521251,4.9199525e-06,0.7407689,3.9454335e-06,0.2592271
1275,0.0024789376,0.9999274,4.7235404e-05,0.9999231,2.9701834e-05,0.9997707,0.0001676253,6.1767896e-05
1276,3.4800432e-06,0.00011767185,0.9999999,9.143479e-08,5.2567106e-08,2.978871e-07,0.9968606,0.0031391445
1277,1.6926175e-05,0.5185269,0.9999999,3.2363733e-08,1.601963e-07,4.2261684e-11,3.5281456e-08,1.0
1278,0.0023362294,0.11988288,0.99995244,8.445699e-08,4.7479007e-05,7.0581024e-08,1.3675439e-06,0.99999857
1279,0.928011,1.3946324e-05,0.3794906,0.08059674,0.5399127,0.9998375,2.0663096e-05,0.00014183192
1280,0.00013207246,1.3129825e-05,0.7551633,0.24481565,2.1030368e-05,0.9987208,3.0602514e-05,0.001248548
1281,0.9897766,1.5969055e-05,0.055583507,0.00060389173,0.94381267,0.9993357,0.0006328833,3.1333948e-05
1282,0.0021174478,0.000101800055,0.0054113,0.9945831,5.576474e-06,0.74248123,6.374716e-05,0.25745502
1283,9.722171e-06,0.00018452152,0.99999905,7.210536e-07,1.9666992e-07,1.762503e-05,0.7956633,0.20431907
1284,0.0006420693,0.9999647,1.2673457e-05,0.999984,3.3586475e-06,0.99942505,0.0005317451,4.319921e-05
1285,8.757145e-06,0.00010395053,0.99999976,1.1439544e-07,1.309473e-07,3.7568788e-07,0.99687386,0.0031256927
1286,1.4397504e-05,0.000111834015,0.99999964,9.2041056e-08,2.5926204e-07,3.245378e-07,0.99962986,0.0003698117
1287,1.577397e-05,0.98970324,0.99999976,1.1518708e-08,2.816583e-07,6.080235e-11,1.1025624e-06,0.9999989
1288,0.8956098,3.2122964e-05,0.40633878,0.00067576056,0.59298545,0.9962651,0.00026517705,0.0034697372
1289,0.06320205,0.99998665,0.00015678242,0.99512154,0.0047216592,0.9993568,0.00062608084,1.7199909e-05
1290,3.7972084e-05,1.6990201e-05,0.9983621,0.0016337712,4.0802192e-06,0.9967109,0.0026823052,0.0006068088
1291,0.8486219,2.366043e-05,0.6159045,0.009473623,0.37462187,0.9734029,9.6409945e-05,0.026500737
1292,0.95853066,2.6424459e-05,0.27960026,0.0035922648,0.7168075,0.994093,0.000121935955,0.005785101
1293,0.88045686,2.2353961e-05,0.5742564,0.007968314,0.4177753,0.99423546,0.00023458985,0.005530013
1294,1.7826462e-05,0.00022171784,0.9999151,8.396306e-05,9.2438137e-07,7.3735646e-05,0.9655393,0.034387033
1295,7.0571936e-05,0.99202967,0.99999607,1.3903052e-07,3.7731245e-06,8.500968e-09,3.981779e-05,0.9999602
1296,3.6795496e-05,2.869737e-05,0.99091643,0.009080962,2.6248742e-06,0.0012768138,2.1318307e-05,0.9987018
1297,0.00013053646,0.76701856,0.99999785,1.7473846e-08,2.1041071e-06,3.2928696e-10,3.8281345e-07,0.99999964
1298,0.5455155,1.546e-05,0.9159561,0.004862083,0.07918184,0.99618775,0.00026573872,0.0035464687
1299,0.9977562,4.2555814e-05,7.711041e-08,0.99998987,1.0058505e-05,0.9999995,5.0986006e-07,3.4800898e-08
1300,0.9952813,1.924753e-05,0.029056745,0.007421732,0.9635215,0.9999347,2.094606e-05,4.437318e-05
1301,2.9795723e-05,1.850556e-05,0.061372917,0.9386251,1.986277e-06,0.9998666,0.00010876212,2.465324e-05
1302,1.069244e-05,0.9509522,0.9999999,3.8798795e-08,1.2746092e-07,1.0563295e-11,2.6828229e-08,1.0
1303,7.064587e-05,3.5955123e-05,0.12490191,0.8750926,5.495386e-06,0.99794227,0.0009276243,0.0011300745
1304,0.71549743,7.02317e-05,0.8198218,2.8373835e-05,0.18014991,0.21020582,0.78205514,0.0077390717
1305,1.0937122e-05,0.9496267,0.99999976,6.01689e-08,1.422355e-07,1.330546e-11,2.3046882e-08,1.0
1306,1.6767106e-05,0.99192363,0.99999964,2.0778826e-08,3.289921e-07,3.7704274e-11,2.583385e-07,0.99999976
1307,2.2555465e-05,3.7357247e-05,0.35105878,0.6489385,2.6935509e-06,0.65132445,1.1779095e-05,0.34866372
1308,0.972387,2.0646721e-05,0.19384882,0.044358544,0.7617926,0.9989778,4.3259963e-05,0.0009789767
1309,0.00059743813,0.07539995,0.9999938,4.0804814e-08,6.245778e-06,2.146771e-08,6.3662213e-07,0.9999994
1310,0.98232174,3.7139358e-05,0.0861531,0.004753775,0.90909314,0.9984106,3.7220347e-05,0.001552193
1311,0.00060500397,2.0788779e-05,0.7035763,0.296324,9.963386e-05,0.9997123,1.845001e-05,0.00026926104
1312,0.00027269742,3.4761848e-05,0.13034132,0.86964726,1.140681e-05,0.8010347,0.00018449915,0.19878082
1313,0.0009785383,2.7744876e-05,0.51947135,0.4803971,0.00013152284,0.99945086,1.1521629e-05,0.00053753855
1314,9.1539114e-05,1.8522896e-05,0.9617141,0.03826725,1.869777e-05,0.99861777,0.00022417186,0.001158087
1315,0.018697172,1.8763893e-05,0.000116138595,0.99988353,3.4182574e-07,0.99978715,3.120188e-06,0.00020972898
1316,0.99727374,2.0154588e-05,0.017344652,0.06382203,0.9188333,0.99992704,4.6262658e-06,6.832605e-05
1317,1.3301453e-05,0.00011604099,0.9999995,1.8049536e-07,2.3329629e-07,4.3458675e-07,0.9978567,0.0021428466
1318,5.5028995e-05,0.9946419,0.9999976,8.259213e-08,2.2185448e-06,1.0571338e-09,2.7282e-06,0.99999726
1319,0.9612397,1.9250541e-05,0.2021288,0.019980282,0.77789086,0.9997851,9.242113e-06,0.0002055444
1320,0.085795596,0.99997413,0.00024220301,0.98761356,0.012144275,0.99982005,0.0001716786,8.364439e-06
1321,0.3086102,1.7934997e-05,0.00035961834,0.9996313,9.03882e-06,0.9972326,1.6788385e-05,0.0027506847
1322,0.41262612,3.286534e-05,2.7965855e-06,0.99999607,1.1889795e-06,0.9999995,2.6581145e-07,2.2065018e-07
1323,8.380686e-06,0.00020163764,0.9999999,4.6467974e-08,6.6642585e-08,4.523066e-07,0.0137559315,0.98624355
1324,1.17189475e-05,0.00015593745,0.99999654,3.053261e-06,3.7298705e-07,1.2205952e-06,0.9978479,0.002150923
1325,0.010630707,0.9999784,0.000115752126,0.99952686,0.00035744862,0.99817514,0.0016952323,0.00012957976
1326,1.1533765e-05,0.9832524,0.99999964,6.8318926e-08,1.9233306e-07,2.0281707e-11,6.5654575e-08,0.9999999
1327,1.4774938e-05,0.99929464,0.99999917,2.9367968e-07,5.51514e-07,7.0936625e-11,1.8042898e-07,0.99999976
1328,0.95199674,1.8895176e-05,0.32299185,0.01593078,0.6610774,0.99793386,0.00012648094,0.0019397215
1329,8.9091205e-05,5.312085e-05,0.00014700866,0.9998529,4.4408516e-08,0.9999442,5.0430324e-05,5.3707504e-06
1330,0.98533475,5.436433e-05,0.07040006,0.054217666,0.87538224,0.9982685,5.1275525e-05,0.0016801883
1331,0.0003357945,1.1605328e-05,0.61866903,0.3812781,5.2888452e-05,0.99985504,1.0663989e-05,0.00013433787
1332,7.024516e-05,1.9402076e-05,0.013667431,0.9863316,1.0469237e-06,0.9999211,4.3163065e-05,3.581768e-05
1333,0.003302391,8.784296e-06,0.13764381,0.86228275,7.348758e-05,0.99995446,2.1672302e-06,4.334076e-05
1334,4.3853648e-05,7.445158e-05,0.03732446,0.9626733,2.2378892e-06,0.97248864,0.027062105,0.00044921765
1335,0.004818676,2.1651407e-05,0.86666757,0.13218471,0.0011476777,0.99984455,1.9362602e-05,0.00013611156
1336,3.096377e-05,3.3121898e-05,0.60356784,0.3964253,6.814055e-06,0.96102583,0.011833836,0.027140358
1337,0.0012320136,0.9999118,2.0942283e-05,0.9999709,8.086954e-06,0.9997056,0.00026010833,3.4217686e-05
1338,8.6667584e-05,9.253655e-06,0.91551065,0.084474035,1.5284972e-05,0.9991617,3.0271343e-05,0.0008079891
1339,0.065606005,0.9999883,0.00017208107,0.9946267,0.005201216,0.99940217,0.00058770337,1.0116934e-05
1340,6.506812e-05,2.8242099e-05,0.9513988,0.048593458,7.679548e-06,0.04564583,8.521474e-05,0.95426893
1341,0.0017557599,8.1592e-06,0.28222644,0.7176696,0.000103996244,0.99998856,1.2103542e-06,1.0289463e-05
1342,0.006472002,1.3471433e-05,0.012118778,0.9878781,3.2219878e-06,0.56219465,9.8811826e-05,0.43770656
1343,0.9999224,5.3189844e-05,2.7184873e-08,0.9999118,8.8210436e-05,0.9999994,5.8059214e-07,4.7288655e-08
1344,3.026579e-05,0.9941257,0.9999987,8.611935e-08,1.1488615e-06,1.4573724e-09,4.4377553e-06,0.9999956
1345,0.0024457402,0.99997854,2.3504681e-05,0.99995315,2.3333889e-05,0.9994529,0.0005082591,3.87996e-05
1346,0.9997061,5.604343e-05,0.00076020014,0.00012747364,0.9991123,0.9998561,7.833521e-05,6.5572975e-05
1347,0.99999595,9.239187e-05,8.409929e-06,0.013946061,0.9860454,0.9999893,8.7583485e-06,2.0228754e-06
1348,0.9588472,2.3917417e-05,0.23634087,0.023962222,0.73969686,0.997251,1.4974756e-05,0.0027340483
1349,0.025097104,0.9999727,0.00036470743,0.9975617,0.0020735716,0.999143,0.0004906652,0.0003662064
1350,5.184808e-05,0.7926303,0.9999995,7.971002e-09,4.789578e-07,1.565591e-10,5.355307e-07,0.9999995
1351,1.5540858e-05,3.445317e-05,0.9991161,0.0008819662,1.8826539e-06,0.8421176,0.1506325,0.007249828
1352,2.7203354e-05,0.20973751,0.99999976,8.423522e-09,2.0462234e-07,3.722347e-10,2.5729847e-07,0.99999976
1353,0.045684673,0.99998903,0.0001298626,0.9966983,0.0031717627,0.99951386,0.00047405757,1.1974752e-05
1354,8.86436e-06,0.00015375843,0.99999976,1.3766521e-07,1.3509602e-07,3.2492492e-06,0.95844877,0.041547984
1355,0.949277,2.1876538e-05,0.26061985,0.0248002,0.71457994,0.9995128,3.309158e-05,0.00045407834
1356,0.69711965,1.2780512e-05,0.72127247,0.14494808,0.13377942,0.999022,3.1101397e-05,0.0009469276
1357,0.9935063,4.8701575e-05,0.021712782,0.006659437,0.9716277,0.99981517,3.469586e-05,0.00015017492
1358,0.007398972,0.99998784,4.356258e-05,0.99974936,0.00020709498,0.9995622,0.0004350036,2.7103083e-06
1359,1.0123076e-05,7.282516e-05,0.9999999,1.9709809e-08,9.1446125e-08,9.960182e-07,0.9605949,0.039404146
1360,0.0005718109,0.9999616,7.795925e-05,0.9999118,1.0287083e-05,0.9981938,0.0015006765,0.000305625
1361,0.00026266923,4.846492e-05,0.0018726403,0.9981269,4.3897413e-07,0.9987349,0.00010123924,0.0011639509
1362,1.3960642e-05,0.00010701167,0.99999404,5.5406244e-06,4.378777e-07,1.0224383e-05,0.9827749,0.017214842
1363,0.004159294,0.99993837,5.1314677e-05,0.9998838,6.494044e-05,0.99927,0.0007123625,1.7589095e-05
1364,0.072083816,2.9645335e-05,0.99511164,0.0004511439,0.0044371793,0.539826,0.00041769553,0.45975628
1365,5.7590383e-05,5.1787105e-05,0.006092019,0.9939075,4.6827628e-07,0.99882275,0.0007564879,0.00042074025
1366,0.99503314,2.403059e-05,0.015363035,0.50942904,0.4752079,0.9999317,1.6833784e-06,6.6574365e-05
1367,0.9926924,3.3745077e-05,3.1641974e-08,0.99999845,1.4894006e-06,0.99999976,1.8661073e-07,3.818603e-09
1368,0.9948407,3.7283113e-05,0.028206108,0.04410482,0.9276891,0.9993117,1.1631157e-05,0.000676616
1369,0.00010583933,1.2126138e-05,0.9264555,0.07352568,1.882754e-05,0.9994912,8.8794564e-05,0.00042004525
1370,0.9999478,0.00010477681,4.4061708e-05,5.587105e-07,0.9999553,0.99943453,0.0005435178,2.1939968e-05
1371,0.99837506,3.4234585e-05,4.2896988e-07,0.999946,5.3550713e-05,0.9999993,4.1960055e-07,2.0097819e-07
1372,0.00012363838,6.246121e-05,0.00011969474,0.9998802,5.973874e-08,0.9999602,3.6110312e-05,3.7228533e-06
1373,2.7474993e-05,1.69078e-05,0.99178445,0.008210883,4.733772e-06,0.99529994,0.004514908,0.00018514968
1374,0.6187176,1.817701e-05,0.8555041,0.003960928,0.1405349,0.9886087,0.000119947676,0.0112713585
1375,0.64222187,2.6503074e-05,0.78235203,0.047529176,0.17011875,0.9989563,9.4343966e-05,0.00094936363
1376,4.038414e-05,2.062832e-05,0.057112448,0.94288516,2.397579e-06,0.9998877,6.0450442e-05,5.1886742e-05
1377,0.86652076,2.6562486e-05,0.5875774,0.00017504086,0.41224757,0.98831767,0.00531131,0.006371107
1378,0.38277984,1.3177792e-05,0.952954,0.012300685,0.034745354,0.9780507,7.981345e-05,0.021869393
1379,0.0003790097,0.000257536,0.019649772,0.98034555,4.732074e-06,0.94107765,2.6769026e-06,0.058919672
1380,1.594939e-05,0.00015129043,0.9999944,5.1450875e-06,5.228496e-07,2.447613e-05,0.969395,0.03058051
1381,1.5339092e-05,8.719547e-05,0.99999964,1.7193402e-07,2.7160377e-07,8.7608583e-07,0.9979087,0.0020904327
1382,0.049823586,2.144411e-05,0.074165665,0.9247493,0.0010850034,0.9999175,8.887197e-06,7.360528e-05
1383,2.9624623e-05,0.988565,0.9999993,2.9537892e-08,7.7461203e-07,1.4413382e-10,7.6276353e-07,0.9999993
1384,0.00024676588,0.9998851,9.77194e-05,0.9998983,3.9913693e-06,0.99470335,0.004407447,0.0008892155
1385,1.7498953e-05,0.8873666,0.99999976,3.9174907e-08,2.0660498e-07,3.2790808e-11,2.6525738e-08,1.0
1386,1.3231755e-05,0.95526916,0.99999976,5.2633617e-08,1.7954687e-07,1.7482292e-11,3.0485257e-08,1.0
1387,0.22216694,1.3880724e-05,0.9872521,5.261536e-06,0.01274259,0.6872756,0.25693595,0.055788487
1388,4.8965718e-05,0.9970317,0.99999785,1.07034374e-07,1.9768313e-06,2.8733285e-10,9.833374e-07,0.99999905
1389,0.0001724801,1.9262587e-05,0.8709993,0.1289635,3.716773e-05,0.99958855,4.6631973e-05,0.00036485694
1390,0.00020529013,1.6568167e-05,0.92187035,0.07809345,3.622518e-05,0.99963844,6.611492e-05,0.00029542646
1391,7.924583e-06,0.00015153342,0.9999987,1.24353e-06,1.7586484e-07,6.159588e-06,0.95141953,0.048574258
1392,0.976786,3.6199883e-05,0.083855785,0.014227116,0.90191716,0.9993019,5.0369604e-06,0.00069307105
1393,0.79145443,0.9997423,0.0039610583,0.0667667,0.9292722,0.99445194,5.137895e-06,0.005542935
1394,1.2089823e-05,5.9246668e-05,0.9999999,4.3334072e-08,1.3938603e-07,1.8820384e-06,0.97987384,0.020124307
1395,0.011981408,0.99999297,2.9297667e-05,0.99975675,0.00021398654,0.9996126,0.00037909707,8.306412e-06
1396,0.001054481,0.9999672,1.5429283e-05,0.9999746,9.904818e-06,0.99911696,0.00088086573,2.1370158e-06
1397,0.0005699981,0.9999502,7.216038e-07,0.9999989,3.990791e-07,0.9999826,1.6802825e-05,5.5866604e-07
1398,0.23728396,1.4653937e-05,0.9784203,0.00019404653,0.021385608,0.9833239,0.004311975,0.012364182
1399,0.0002808095,5.0298895e-05,0.14294037,0.8570473,1.2264224e-05,0.44405037,2.9030358e-05,0.55592066
1400,0.76272637,2.5909352e-05,0.7263511,0.010486546,0.26316237,0.9929726,0.00016243606,0.0068649803
1401,0.00010461937,5.929618e-05,0.0005561434,0.9994437,1.9198377e-07,0.9999759,1.7580081e-05,6.5239387e-06
1402,0.000490239,1.6054597e-05,0.27986166,0.72010344,3.4884513e-05,0.99984884,6.099419e-06,0.00014502017
1403,0.8211079,2.2787715e-05,0.5863105,0.09197476,0.32171473,0.9985447,2.5322684e-05,0.0014300231
1404,0.57083213,1.5750384e-05,0.8773039,0.02591249,0.09678363,0.9952484,7.636089e-05,0.0046752347
1405,0.99955636,3.9729603e-05,4.5943918e-07,0.99975735,0.00024218122,0.9999994,5.1053587e-07,1.1502925e-07
1406,4.4942048e-05,3.3339576e-05,0.9137141,0.08627973,6.1973947e-06,0.09755095,0.0048879036,0.8975612
1407,0.99221694,0.99991417,1.353909e-05,0.004232682,0.99575377,0.99996126,3.0064994e-05,8.73788e-06
1408,0.9389009,2.968149e-05,0.25917342,0.005695494,0.7351311,0.9983342,4.9924867e-05,0.0016159322
1409,2.8990758e-05,0.9941287,0.9999982,6.19611e-07,1.1377493e-06,7.3821704e-10,2.9444433e-07,0.99999976
1410,0.96798676,1.4011325e-05,0.21085417,0.09049371,0.6986521,0.9999267,5.6730732e-06,6.762507e-05
1411,0.9996226,4.96906e-05,1.5862324e-07,0.9998555,0.00014433057,0.99999964,2.8344908e-07,6.899516e-08
1412,0.00014668088,9.305034e-06,0.9265383,0.07343728,2.4416117e-05,0.99974066,3.8089263e-05,0.00022122034
1413,0.9994393,3.2018033e-05,0.0021985774,0.0018398266,0.9959616,0.99993956,3.9445862e-05,2.0934558e-05
1414,0.9975084,0.99998474,2.2408624e-06,0.00096035615,0.9990374,0.99997365,2.2356964e-05,3.945572e-06
1415,1.7344342e-05,0.00025969694,0.99999964,1.7351073e-07,2.8206415e-07,8.3227644e-07,0.9681731,0.031826083
1416,1.2819525e-05,0.00016004845,0.9999994,2.6501078e-07,2.9821837e-07,5.288853e-07,0.99949217,0.0005073156
1417,3.2863147e-05,3.389072e-05,0.8149747,0.18501845,6.790688e-06,0.70215786,0.028464824,0.26937738
1418,3.3485863e-05,3.1193285e-05,0.0028853149,0.9971144,2.103031e-07,0.9998963,8.498578e-05,1.8743718e-05
1419,0.9964193,2.640207e-05,0.0155665865,0.021003656,0.96342975,0.99994636,4.258325e-06,4.9380695e-05
1420,0.00026897297,1.631594e-05,0.8897705,0.110178515,5.088359e-05,0.9997627,1.9010782e-05,0.00021824602
1421,2.5720208e-05,0.9383318,0.9999994,5.0489188e-08,5.463263e-07,6.8583345e-10,7.334579e-07,0.9999993
1422,0.96453375,2.0666896e-05,0.20087059,0.0015577133,0.79757166,0.99866056,0.0001398872,0.0011995698
1423,0.99954945,2.4277517e-05,0.0013890557,8.57017e-05,0.9985253,0.9997011,0.00029535117,3.5934447e-06
1424,0.028968409,0.99999607,2.707029e-05,0.99934965,0.0006233099,0.99963903,0.00035605987,4.926034e-06
1425,0.05039993,0.9999943,5.4430053e-05,0.99805045,0.0018951185,0.99975604,0.000231892,1.2094653e-05
1426,0.98662764,2.4047988e-05,0.08031763,0.025454728,0.8942276,0.9995654,1.0492466e-05,0.0004241103
1427,4.2279175e-05,0.92440647,0.4974304,0.5025068,6.281514e-05,0.06559857,0.00013226291,0.93426913
1428,0.00016087436,9.339048e-06,0.9364934,0.06348643,2.0234536e-05,0.9994796,0.00012287994,0.0003976398
1429,1.0125721e-05,5.0076917e-05,0.9999995,3.078836e-07,1.5714302e-07,6.767007e-06,0.9590751,0.040918138
1430,0.99946266,4.791402e-05,7.777332e-08,0.99996316,3.6793354e-05,0.9999994,5.3010024e-07,8.409927e-08
1431,0.10241395,0.9999882,0.000103177896,0.9922902,0.007606607,0.9997056,0.0002880507,6.3084103e-06
1432,0.00031037783,1.0085515e-05,0.94676363,0.053184588,5.1858035e-05,0.9997986,2.930929e-05,0.00017207915
1433,5.7043802e-05,4.6133773e-05,0.1799546,0.8200402,5.1731586e-06,0.9825417,0.0032877019,0.014170685
1434,0.035821583,2.8004322e-05,0.00039057372,0.99959856,1.0838929e-05,0.9999949,3.276568e-08,5.1812663e-06
1435,5.232098e-05,2.982219e-05,0.08237189,0.91762453,3.6042613e-06,0.99847704,0.0011861692,0.00033687675
1436,0.00014592893,1.6669741e-05,0.9079721,0.092006706,2.1264477e-05,0.9990324,2.4947145e-05,0.0009427461
1437,9.13131e-06,0.98115414,0.9999999,4.9053007e-08,1.245646e-07,6.6050477e-12,3.342325e-08,1.0
1438,1.3574785e-05,0.9806637,0.99999976,5.6978504e-08,2.0593535e-07,9.742098e-12,3.6539145e-08,1.0
1439,0.9083321,3.6977995e-05,0.3723894,0.010447465,0.6171631,0.9973521,6.578679e-05,0.0025821512
1440,0.9522644,2.8852355e-05,0.23664185,0.00012324241,0.76323485,0.9947108,0.0038458144,0.0014433197
1441,0.01855595,3.269993e-05,0.00011543441,0.99988425,3.5701945e-07,0.9995291,1.3608217e-05,0.00045726215
1442,5.0173618e-05,0.9870214,0.99999845,5.340829e-08,1.5525825e-06,5.975933e-10,1.069417e-06,0.9999989
1443,0.99272925,6.152562e-05,0.045398116,0.0016291226,0.9529728,0.9989022,0.0005264806,0.00057139446
1444,0.0832789,3.206396e-05,0.9937541,9.142234e-06,0.006236806,0.7937927,0.051341753,0.15486549
1445,0.40561044,9.661999e-06,0.9629689,0.009149216,0.02788188,0.9719777,0.00028121215,0.027741058
1446,3.9878512e-05,0.00021758217,0.9999982,7.53468e-07,1.0858116e-06,4.7906256e-06,0.9901613,0.009833912
1447,0.06888158,1.9155059e-05,0.9947915,6.1146035e-05,0.00514727,0.9199971,0.0055370783,0.07446576
1448,2.0021427e-05,0.99612385,0.9999994,5.2881944e-08,6.048211e-07,3.4525743e-10,1.0130447e-06,0.99999905
1449,0.0003737037,8.509863e-05,0.34487942,0.6550862,3.432797e-05,0.22551742,0.00010457298,0.77437794
1450,0.001706715,7.1308226e-05,0.9999529,9.823805e-06,3.7354963e-05,0.049141884,0.8998659,0.05099218
1451,0.63610005,1.3308622e-05,0.9001445,0.0019789832,0.09787656,0.9930937,0.00041969202,0.006486554
1452,2.1474601e-05,0.98809063,0.9999995,2.1369338e-08,4.605165e-07,1.759942e-10,2.5942234e-06,0.9999974
1453,0.000112716734,0.99965763,0.99959666,0.0003637882,3.9587572e-05,5.0762915e-06,1.7276205e-06,0.9999932
1454,0.95802724,0.99997115,7.3230694e-05,0.052442618,0.9474842,0.9998995,8.0070255e-05,2.0328896e-05
1455,0.00057340483,4.2641936e-05,0.00086533884,0.99913424,5.014163e-07,0.9995857,0.0001035452,0.0003107199
1456,0.99820113,4.574785e-05,4.117094e-08,0.9999943,5.63652e-06,0.9999994,4.4538604e-07,1.10993675e-07
1457,2.262492e-05,0.9981762,0.9999989,2.8169833e-07,8.878452e-07,2.9346883e-10,3.3749708e-07,0.99999964
